{
    "full_model": {
        "training_metrics": {
            "train_loss": [
                0.746783435344696,
                0.6826753616333008,
                0.6216807961463928,
                0.6080911159515381,
                0.5081987380981445,
                0.45366212725639343,
                0.40906018018722534,
                0.4752150774002075
            ],
            "val_loss": [
                0.7569602727890015,
                0.7533283233642578,
                0.4945865273475647,
                0.6530104875564575,
                0.6020903587341309,
                0.7476730942726135,
                0.755277156829834,
                0.9453034400939941
            ],
            "train_acc": [
                0.5,
                0.5833333333333334,
                0.6666666666666666,
                0.75,
                0.8333333333333334,
                0.8333333333333334,
                0.9166666666666666,
                0.75
            ],
            "val_acc": [
                0.5,
                0.5,
                1.0,
                0.5,
                0.75,
                0.5,
                0.5,
                0.25
            ]
        },
        "test_metrics": {
            "accuracy": 1.0,
            "test_loss": 0.3108108341693878
        }
    },
    "no_conba": {
        "training_metrics": {
            "train_loss": [
                0.7525514960289001,
                0.7575291991233826,
                0.7631781697273254,
                0.7073519825935364,
                0.771783709526062,
                0.7194135785102844,
                0.7202225923538208,
                0.6796711087226868,
                0.6588850021362305,
                0.6971696615219116,
                0.6531913876533508,
                0.63446444272995,
                0.5755345821380615,
                0.5892042517662048,
                0.47247958183288574,
                0.5061042308807373,
                0.5948662757873535,
                0.5282164216041565,
                0.5502737760543823,
                0.5734363794326782,
                0.4362940490245819,
                0.3842454254627228,
                0.5145378112792969
            ],
            "val_loss": [
                0.7882439494132996,
                0.7787299156188965,
                0.7434077262878418,
                0.7563507556915283,
                0.6813691854476929,
                0.6526304483413696,
                0.6516841650009155,
                0.8018162250518799,
                0.7426235675811768,
                0.6267929673194885,
                0.6729544401168823,
                0.5040702819824219,
                0.4970301687717438,
                0.7021973133087158,
                0.648423433303833,
                0.4958118200302124,
                0.40914851427078247,
                0.3727993965148926,
                0.48426032066345215,
                0.4703443646430969,
                0.6512646675109863,
                0.5243453979492188,
                0.6525774002075195
            ],
            "train_acc": [
                0.5,
                0.5,
                0.5,
                0.5,
                0.5,
                0.5,
                0.5,
                0.5,
                0.5833333333333334,
                0.5833333333333334,
                0.5833333333333334,
                0.6666666666666666,
                0.8333333333333334,
                0.6666666666666666,
                0.9166666666666666,
                0.8333333333333334,
                0.6666666666666666,
                0.8333333333333334,
                0.8333333333333334,
                0.5833333333333334,
                0.8333333333333334,
                1.0,
                0.6666666666666666
            ],
            "val_acc": [
                0.5,
                0.5,
                0.5,
                0.5,
                0.5,
                0.5,
                0.5,
                0.5,
                0.5,
                0.75,
                0.5,
                0.75,
                0.75,
                0.75,
                0.75,
                1.0,
                1.0,
                1.0,
                0.75,
                1.0,
                0.5,
                0.75,
                0.5
            ]
        },
        "test_metrics": {
            "accuracy": 1.0,
            "test_loss": 0.32743698358535767
        }
    },
    "no_feedback": {
        "training_metrics": {
            "train_loss": [
                0.7673370838165283,
                0.6492844223976135,
                0.6436172723770142,
                0.7412784099578857,
                0.4739201068878174,
                0.5362414717674255,
                0.48803913593292236,
                0.5327770709991455,
                0.4919145107269287,
                0.4081555902957916,
                0.36541444063186646,
                0.4040617048740387,
                0.3690684139728546,
                0.3662143349647522,
                0.3054845333099365,
                0.37122637033462524,
                0.33935901522636414,
                0.2651630938053131,
                0.3222999572753906
            ],
            "val_loss": [
                0.7132787704467773,
                0.5491448640823364,
                0.7339600920677185,
                0.4529575705528259,
                0.4453059434890747,
                0.49094074964523315,
                0.5746432542800903,
                0.4076891541481018,
                0.31222477555274963,
                0.26387882232666016,
                0.24484851956367493,
                0.2611266076564789,
                0.25887995958328247,
                0.22798605263233185,
                0.24392041563987732,
                0.33664384484291077,
                0.3160984218120575,
                0.28481584787368774,
                0.23947198688983917
            ],
            "train_acc": [
                0.5,
                0.5833333333333334,
                0.5833333333333334,
                0.5,
                0.9166666666666666,
                0.6666666666666666,
                0.75,
                0.75,
                0.75,
                0.9166666666666666,
                0.9166666666666666,
                0.8333333333333334,
                0.9166666666666666,
                0.9166666666666666,
                1.0,
                0.9166666666666666,
                0.9166666666666666,
                1.0,
                0.8333333333333334
            ],
            "val_acc": [
                0.5,
                0.75,
                0.5,
                1.0,
                0.75,
                1.0,
                0.75,
                0.75,
                1.0,
                1.0,
                1.0,
                1.0,
                1.0,
                1.0,
                1.0,
                1.0,
                1.0,
                1.0,
                1.0
            ]
        },
        "test_metrics": {
            "accuracy": 1.0,
            "test_loss": 0.26690641045570374
        }
    },