{
    "full_model": {
        "training_metrics": {
            "train_loss": [
                0.7701910138130188,
                0.6896363496780396,
                0.652446985244751,
                0.652077317237854,
                0.5386507511138916,
                0.4504503905773163,
                0.5442366003990173,
                0.4892423748970032,
                0.3928548991680145,
                0.3217626214027405,
                0.38415366411209106,
                0.3142317533493042,
                0.3118032217025757,
                0.27233031392097473,
                0.25092336535453796,
                0.230157732963562,
                0.24551641941070557,
                0.22275178134441376,
                0.23586469888687134
            ],
            "val_loss": [
                0.755557656288147,
                0.450501412153244,
                0.4980927109718323,
                0.5234508514404297,
                0.34909534454345703,
                0.32511624693870544,
                0.28758347034454346,
                0.2998337745666504,
                0.3005646765232086,
                0.27569279074668884,
                0.2744702696800232,
                0.48347216844558716,
                0.24626561999320984,
                0.239649698138237,
                0.4692683517932892,
                0.26491954922676086,
                0.4709148108959198,
                0.29864874482154846,
                0.48946788907051086
            ],
            "train_acc": [
                0.5,
                0.5,
                0.6666666666666666,
                0.6666666666666666,
                0.6666666666666666,
                0.9166666666666666,
                0.6666666666666666,
                0.8333333333333334,
                0.9166666666666666,
                0.9166666666666666,
                0.9166666666666666,
                1.0,
                1.0,
                1.0,
                1.0,
                1.0,
                1.0,
                1.0,
                1.0
            ],
            "val_acc": [
                0.5,
                1.0,
                1.0,
                0.75,
                1.0,
                1.0,
                1.0,
                1.0,
                1.0,
                1.0,
                1.0,
                0.75,
                1.0,
                1.0,
                0.75,
                1.0,
                0.75,
                0.75,
                0.75
            ]
        },
        "test_metrics": {
            "accuracy": 1.0,
            "test_loss": 0.22147570550441742
        }
    },
    "no_conba": {
        "training_metrics": {
            "train_loss": [
                0.7874020338058472,
                0.7596437931060791,
                0.7513761520385742,
                0.7587662935256958,
                0.7317081093788147,
                0.6947608590126038,
                0.6957278251647949,
                0.7265437245368958,
                0.7041288018226624,
                0.6225274801254272,
                0.6607232093811035,
                0.7314674854278564,
                0.6577658653259277,
                0.6112273335456848,
                0.6420662999153137,
                0.6380258202552795,
                0.5401843786239624,
                0.4891642928123474,
                0.508506178855896,
                0.5701974034309387,
                0.544790506362915,
                0.6121773719787598,
                0.5245218873023987,
                0.5060943961143494,
                0.5873796939849854,
                0.40271008014678955,
                0.5015809535980225,
                0.46684134006500244,
                0.5600401163101196,
                0.49778926372528076
            ],
            "val_loss": [
                0.8014081120491028,
                0.7832848429679871,
                0.7859021425247192,
                0.748560905456543,
                0.6862308979034424,
                0.7841339707374573,
                0.6822526454925537,
                0.6268422603607178,
                0.6027756333351135,
                0.7668916583061218,
                0.7251253128051758,
                0.7164860963821411,
                0.5492609739303589,
                0.5217907428741455,
                0.47162818908691406,
                0.46762898564338684,
                0.4585457146167755,
                0.7050462365150452,
                0.6089291572570801,
                0.4283873438835144,
                0.3799741268157959,
                0.5157564878463745,
                0.4273000955581665,
                0.3979409337043762,
                0.30374205112457275,
                0.5528125166893005,
                0.3678846061229706,
                0.5070725679397583,
                0.3159065842628479,
                0.3136449158191681
            ],
            "train_acc": [
                0.5,
                0.5,
                0.5,
                0.5,
                0.5833333333333334,
                0.5833333333333334,
                0.5,
                0.5,
                0.5,
                0.5833333333333334,
                0.6666666666666666,
                0.5,
                0.5833333333333334,
                0.6666666666666666,
                0.6666666666666666,
                0.6666666666666666,
                0.8333333333333334,
                0.8333333333333334,
                0.75,
                0.8333333333333334,
                0.75,
                0.5833333333333334,
                0.8333333333333334,
                0.8333333333333334,
                0.6666666666666666,
                1.0,
                0.75,
                0.9166666666666666,
                0.75,
                0.75
            ],
            "val_acc": [
                0.5,
                0.5,
                0.5,
                0.5,
                0.5,
                0.5,
                0.5,
                0.75,
                0.75,
                0.5,
                0.5,
                0.5,
                0.75,
                0.75,
                1.0,
                1.0,
                0.75,
                0.75,
                0.75,
                1.0,
                1.0,
                0.75,
                1.0,
                0.75,
                1.0,
                0.75,
                1.0,
                0.75,
                1.0,
                1.0
            ]
        },
        "test_metrics": {
            "accuracy": 0.75,
            "test_loss": 0.36705833673477173
        }
    },
    "no_feedback": {
        "training_metrics": {
            "train_loss": [
                0.7671031951904297,
                0.6791501045227051,
                0.6768584847450256,
                0.5090208053588867,
                0.5788305401802063,
                0.47604185342788696,
                0.4617820382118225,
                0.37691015005111694,
                0.39868441224098206,
                0.4214637279510498,
                0.41931602358818054,
                0.2825583517551422,
                0.26768168807029724,
                0.2862716615200043,
                0.3248998522758484,
                0.31070423126220703,
                0.3131069540977478
            ],