{
    "timestamp": "20250309_225139",
    "experiment_config": {
        "full_model": {
            "use_conba": true,
            "use_feedback": true,
            "use_control": true
        },
        "no_conba": {
            "use_conba": false,
            "use_feedback": true,
            "use_control": true
        },
        "no_feedback": {
            "use_conba": true,
            "use_feedback": false,
            "use_control": true
        },
        "no_control": {
            "use_conba": true,
            "use_feedback": true,
            "use_control": false
        }
    },
    "results": {
        "full_model": {
            "training_metrics": {
                "train_loss": [
                    0.7515019178390503,
                    0.7032833695411682,
                    0.6177111268043518,
                    0.5870782136917114,
                    0.5438166260719299,
                    0.4867296516895294,
                    0.4641249179840088,
                    0.6434831023216248,
                    0.4403778910636902,
                    0.4661039113998413,
                    0.40809303522109985,
                    0.38833725452423096,
                    0.44215843081474304,
                    0.3332761228084564,
                    0.35044223070144653,
                    0.28168225288391113,
                    0.39696791768074036,
                    0.3642825484275818,
                    0.26130157709121704,
                    0.25366899371147156,
                    0.26312685012817383,
                    0.39414581656455994
                ],
                "val_loss": [
                    0.7269520163536072,
                    0.564457893371582,
                    0.7273913621902466,
                    0.3819977045059204,
                    0.44532302021980286,
                    0.6091544032096863,
                    0.6605011224746704,
                    0.3098022937774658,
                    0.7057117223739624,
                    0.26883941888809204,
                    0.5576698780059814,
                    0.35075563192367554,
                    0.2618735134601593,
                    0.232041597366333,
                    0.6514790058135986,
                    0.4964202642440796,
                    0.23140914738178253,
                    0.4351119101047516,
                    0.2579890489578247,
                    0.25921881198883057,
                    0.277822345495224,
                    0.2325625866651535
                ],
                "train_acc": [
                    0.5,
                    0.5,
                    0.6666666666666666,
                    0.75,
                    0.6666666666666666,
                    0.8333333333333334,
                    0.8333333333333334,
                    0.5833333333333334,
                    0.8333333333333334,
                    0.8333333333333334,
                    0.9166666666666666,
                    0.9166666666666666,
                    0.8333333333333334,
                    1.0,
                    0.9166666666666666,
                    1.0,
                    0.75,
                    0.8333333333333334,
                    1.0,
                    1.0,
                    1.0,
                    0.75
                ],
                "val_acc": [
                    0.5,
                    0.75,
                    0.75,
                    1.0,
                    1.0,
                    0.75,
                    0.5,
                    1.0,
                    0.5,
                    1.0,
                    0.5,
                    1.0,
                    1.0,
                    1.0,
                    0.5,
                    0.75,
                    1.0,
                    1.0,
                    1.0,
                    1.0,
                    1.0,
                    1.0
                ]
            },
            "test_metrics": {
                "accuracy": 1.0,
                "test_loss": 0.225803405046463
            }
        },
        "no_conba": {
            "training_metrics": {
                "train_loss": [
                    0.7528876066207886,
                    0.7506468296051025,
                    0.7468456625938416,
                    0.7526339292526245,
                    0.7668439745903015,
                    0.7205460667610168,
                    0.6904205679893494,
                    0.6436904072761536,
                    0.6694789528846741,
                    0.6535062789916992,
                    0.6584644913673401,
                    0.6240525245666504,
                    0.626737654209137,
                    0.5952197313308716,
                    0.611852765083313,
                    0.6133804321289062,
                    0.5832454562187195,
                    0.5580922365188599,
                    0.5337585210800171,
                    0.537702739238739,
                    0.5698360204696655,
                    0.5052961707115173,
                    0.49616900086402893,
                    0.49434542655944824,
                    0.5193403959274292,
                    0.5314079523086548,
                    0.4764907956123352,
                    0.45290422439575195,
                    0.4149535000324249,
                    0.4437847137451172,
                    0.5005637407302856
                ],
                "val_loss": [
                    0.7659801840782166,
                    0.8046974539756775,
                    0.7873619794845581,
                    0.7260308861732483,
                    0.6898289322853088,
                    0.6709072589874268,
                    0.7964247465133667,
                    0.6295650601387024,
                    0.7305730581283569,
                    0.6002628207206726,
                    0.8054217100143433,
                    0.7203840613365173,
                    0.5634618997573853,
                    0.602928876876831,
                    0.46297144889831543,
                    0.7657958269119263,
                    0.5090106725692749,
                    0.42370879650115967,
                    0.48025768995285034,
                    0.49195119738578796,
                    0.40044617652893066,
                    0.47919324040412903,
                    0.5781290531158447,
                    0.5332260727882385,
                    0.7514752149581909,
                    0.3020592927932739,
                    0.31036078929901123,
                    0.34995037317276,
                    0.5581865310668945,
                    0.3950065076351166,
                    0.5559795498847961
                ],
                "train_acc": [
                    0.5,
                    0.5,
                    0.5,
                    0.5,
                    0.5,
                    0.5,
                    0.5,
                    0.6666666666666666,
                    0.5833333333333334,
                    0.5833333333333334,
                    0.5833333333333334,
                    0.75,
                    0.75,
                    0.6666666666666666,
                    0.6666666666666666,
                    0.5833333333333334,
                    0.6666666666666666,
                    0.75,
                    0.6666666666666666,
                    0.6666666666666666,
                    0.6666666666666666,
                    0.8333333333333334,
                    0.8333333333333334,
                    0.8333333333333334,
                    0.75,
                    0.8333333333333334,
                    0.8333333333333334,
                    0.75,
                    0.9166666666666666,
                    0.8333333333333334,
                    0.8333333333333334
                ],