{
    "full_model": {
        "training_metrics": {
            "train_loss": [
                0.7627243995666504,
                0.6955940127372742,
                0.6529642343521118,
                0.5656918287277222,
                0.5211578607559204,
                0.5112314820289612,
                0.4525098502635956,
                0.492000937461853,
                0.3716646134853363,
                0.3918677568435669,
                0.5184029936790466
            ],
            "val_loss": [
                0.5095049738883972,
                0.3685363233089447,
                0.6684666275978088,
                0.6873782873153687,
                0.6464933753013611,
                0.29380154609680176,
                0.5722313523292542,
                0.6344617009162903,
                0.4182359278202057,
                0.4804859757423401,
                0.4877752959728241
            ],
            "train_acc": [
                0.5,
                0.5,
                0.6666666666666666,
                0.8333333333333334,
                0.75,
                0.75,
                0.75,
                0.75,
                0.9166666666666666,
                0.9166666666666666,
                0.6666666666666666
            ],
            "val_acc": [
                0.75,
                1.0,
                0.75,
                0.75,
                0.75,
                1.0,
                0.5,
                0.75,
                1.0,
                0.75,
                0.75
            ]
        },
        "test_metrics": {
            "accuracy": 1.0,
            "test_loss": 0.25067198276519775
        }
    },
    "no_conba": {
        "training_metrics": {
            "train_loss": [
                0.7694985270500183,
                0.7398959994316101,
                0.762668251991272,
                0.765525758266449,
                0.7244998812675476,
                0.7327108383178711,
                0.7126197814941406,
                0.6829531788825989,
                0.6642582416534424,
                0.6776440143585205,
                0.6146389842033386
            ],
            "val_loss": [
                0.7889283299446106,
                0.7047300338745117,
                0.6220990419387817,
                0.6836153864860535,
                0.6152864098548889,
                0.5080820918083191,
                0.7421154975891113,
                0.768642783164978,
                0.6198192834854126,
                0.7214555144309998,
                0.7350135445594788
            ],
            "train_acc": [
                0.5,
                0.5,
                0.5,
                0.5,
                0.5,
                0.5,
                0.5,
                0.5,
                0.5833333333333334,
                0.5833333333333334,
                0.6666666666666666
            ],
            "val_acc": [
                0.5,
                0.5,
                0.75,
                0.5,
                0.75,
                0.75,
                0.5,
                0.5,
                0.75,
                0.5,
                0.5
            ]
        },
        "test_metrics": {
            "accuracy": 1.0,
            "test_loss": 0.4627917408943176
        }
    },
    "no_feedback": {
        "training_metrics": {
            "train_loss": [
                0.7515779137611389,
                0.7170324921607971,
                0.666452169418335,
                0.6290595531463623,
                0.5149558186531067,
                0.5199810862541199,
                0.45775336027145386,
                0.4807567000389099,
                0.3629578649997711,
                0.47899195551872253,
                0.3714931607246399,
                0.377228707075119,
                0.4631916284561157,
                0.326923668384552,
                0.39117902517318726,
                0.26762181520462036,
                0.4697438180446625,
                0.3900328278541565
            ],
            "val_loss": [
                0.7313982248306274,
                0.7583612203598022,
                0.8061201572418213,
                0.6438986659049988,
                0.407746821641922,
                0.3255884647369385,
                0.8055353164672852,
                0.26617228984832764,
                0.47850626707077026,
                0.5332165956497192,
                0.2944883108139038,
                0.280336856842041,
                0.22985538840293884,
                0.4690593183040619,
                0.29864317178726196,
                0.27780479192733765,
                0.46536490321159363,
                0.43822968006134033
            ],
            "train_acc": [
                0.5,
                0.5,
                0.5833333333333334,
                0.6666666666666666,
                0.8333333333333334,
                0.8333333333333334,
                1.0,
                0.75,
                0.9166666666666666,
                0.8333333333333334,
                0.9166666666666666,
                0.9166666666666666,
                0.75,
                0.9166666666666666,
                0.8333333333333334,
                1.0,
                0.75,
                0.9166666666666666
            ],
            "val_acc": [
                0.5,
                0.5,
                0.5,
                0.75,
                0.75,
                1.0,
                0.5,
                1.0,
                0.75,
                0.75,
                1.0,
                1.0,
                1.0,
                0.75,
                1.0,
                1.0,
                0.75,
                1.0
            ]
        },
        "test_metrics": {
            "accuracy": 1.0,
            "test_loss": 0.2484118640422821
        }
    },
    "no_control": {
        "training_metrics": {
            "train_loss": [
                0.7659354209899902,
                0.705203652381897,
                0.6470352411270142,
                0.5682432055473328,
                0.5856757164001465,
                0.6274791955947876,
                0.4846625328063965,
                0.4056074023246765,
                0.5411748886108398,
                0.4324371814727783,
                0.46819841861724854,
                0.3736472725868225,
                0.34776771068573,
                0.3184822201728821,
                0.41265997290611267,
                0.2772747278213501,
                0.35974597930908203,
                0.3915444314479828,
                0.327673077583313,
                0.29820021986961365,
                0.239960178732872,
                0.22536161541938782,
                0.2776530086994171,
                0.26287710666656494,
                0.2163984328508377,
                0.2128274291753769,
                0.20154425501823425,
                0.2243833690881729,
                0.36281299591064453,
                0.2163785845041275,
                0.21748121082782745,
                0.2795529365539551,
                0.21662567555904388,
                0.20991922914981842,
                0.2021724283695221
            ],