{
    "timestamp": "20250309_225336",
    "experiment_config": {
        "full_model": {
            "use_conba": true,
            "use_feedback": true,
            "use_control": true
        },
        "no_conba": {
            "use_conba": false,
            "use_feedback": true,
            "use_control": true
        },
        "no_feedback": {
            "use_conba": true,
            "use_feedback": false,
            "use_control": true
        },
        "no_control": {
            "use_conba": true,
            "use_feedback": true,
            "use_control": false
        }
    },
    "results": {
        "full_model": {
            "training_metrics": {
                "train_loss": [
                    0.7718958854675293,
                    0.6998196840286255,
                    0.6386909484863281,
                    0.5594567060470581,
                    0.6547651290893555,
                    0.5333898663520813,
                    0.5288351774215698,
                    0.450331449508667
                ],
                "val_loss": [
                    0.7075784802436829,
                    0.728179395198822,
                    0.33552950620651245,
                    0.4194214940071106,
                    0.46726104617118835,
                    0.6642478704452515,
                    0.5207429528236389,
                    0.37149471044540405
                ],
                "train_acc": [
                    0.5,
                    0.5833333333333334,
                    0.6666666666666666,
                    0.75,
                    0.6666666666666666,
                    0.75,
                    0.75,
                    0.75
                ],
                "val_acc": [
                    0.5,
                    0.5,
                    1.0,
                    1.0,
                    0.75,
                    0.5,
                    0.75,
                    1.0
                ]
            },
            "test_metrics": {
                "accuracy": 1.0,
                "test_loss": 0.3262421786785126
            }
        },
        "no_conba": {
            "training_metrics": {
                "train_loss": [
                    0.7551952004432678,
                    0.7527768611907959,
                    0.7481877207756042,
                    0.7488767504692078,
                    0.7308394908905029,
                    0.7151604294776917,
                    0.7051492929458618,
                    0.658836305141449,
                    0.6843035221099854,
                    0.6319461464881897,
                    0.6373553276062012,
                    0.6607353687286377,
                    0.5808016657829285,
                    0.5931336879730225,
                    0.6066181063652039,
                    0.6873298287391663,
                    0.6121479272842407,
                    0.5044249892234802,
                    0.46313565969467163,
                    0.5313146114349365,
                    0.5478003025054932,
                    0.6111754179000854,
                    0.5034778118133545,
                    0.49562299251556396
                ],
                "val_loss": [
                    0.7303863763809204,
                    0.7149806022644043,
                    0.7111091613769531,
                    0.8027431964874268,
                    0.6777901649475098,
                    0.768458902835846,
                    0.6287703514099121,
                    0.7716444730758667,
                    0.5825323462486267,
                    0.5350375175476074,
                    0.7999136447906494,
                    0.7043865919113159,
                    0.6504853367805481,
                    0.6838803887367249,
                    0.4781416058540344,
                    0.6804088354110718,
                    0.46266335248947144,
                    0.5745244026184082,
                    0.4072127938270569,
                    0.585905909538269,
                    0.5547855496406555,
                    0.5853952169418335,
                    0.5580663681030273,
                    0.5473932027816772
                ],
                "train_acc": [
                    0.5,
                    0.5,
                    0.5,
                    0.5,
                    0.5,
                    0.5,
                    0.5,
                    0.5833333333333334,
                    0.5833333333333334,
                    0.75,
                    0.6666666666666666,
                    0.5833333333333334,
                    0.6666666666666666,
                    0.6666666666666666,
                    0.6666666666666666,
                    0.5,
                    0.75,
                    0.8333333333333334,
                    0.9166666666666666,
                    0.8333333333333334,
                    0.6666666666666666,
                    0.6666666666666666,
                    0.8333333333333334,
                    0.8333333333333334
                ],
                "val_acc": [
                    0.5,
                    0.5,
                    0.5,
                    0.5,
                    0.5,
                    0.5,
                    0.75,
                    0.5,
                    0.75,
                    0.75,
                    0.5,
                    0.5,
                    0.5,
                    0.75,
                    1.0,
                    0.5,
                    1.0,
                    0.75,
                    1.0,
                    0.75,
                    0.75,
                    0.75,
                    0.75,
                    0.75
                ]
            },
            "test_metrics": {
                "accuracy": 1.0,
                "test_loss": 0.35011547803878784
            }
        },
        "no_feedback": {
            "training_metrics": {
                "train_loss": [
                    0.7544297575950623,
                    0.7377368807792664,
                    0.6800442934036255,
                    0.7224932909011841,
                    0.5301305055618286,
                    0.5585463643074036,
                    0.5540894269943237,
                    0.479717493057251,
                    0.444283127784729,
                    0.3812859356403351,
                    0.3592793345451355,
                    0.4039420783519745,
                    0.35391801595687866
                ],
                "val_loss": [
                    0.6613057851791382,
                    0.7731068134307861,
                    0.5690758228302002,
                    0.7581185102462769,
                    0.4798380732536316,
                    0.4370848536491394,
                    0.4730735123157501,
                    0.30505606532096863,
                    0.4161235988140106,
                    0.32964253425598145,
                    0.3095756769180298,
                    0.5003564357757568,
                    0.4421423673629761
                ],
                "train_acc": [
                    0.5,
                    0.5,
                    0.5833333333333334,
                    0.5833333333333334,
                    0.6666666666666666,
                    0.6666666666666666,
                    0.75,
                    0.9166666666666666,
                    0.75,
                    0.9166666666666666,
                    0.9166666666666666,
                    0.8333333333333334,
                    0.8333333333333334
                ],
                "val_acc": [
                    0.5,
                    0.5,
                    0.75,
                    0.5,
                    0.75,
                    1.0,
                    1.0,
                    1.0,
                    1.0,
                    1.0,
                    1.0,
                    0.75,
                    1.0
                ]
            },