{
    "full_model": {
        "training_metrics": {
            "train_loss": [
                0.7671665549278259,
                0.6990536451339722,
                0.7082153558731079,
                0.600173830986023,
                0.4907190799713135,
                0.5794750452041626,
                0.5096304416656494,
                0.5850423574447632,
                0.5555757880210876,
                0.5444640517234802
            ],
            "val_loss": [
                0.6817452907562256,
                0.7521301507949829,
                0.5646201372146606,
                0.5125445127487183,
                0.2973283529281616,
                0.6798074841499329,
                0.44916725158691406,
                0.6293412446975708,
                0.5711077451705933,
                0.4364468455314636
            ],
            "train_acc": [
                0.5,
                0.5,
                0.5833333333333334,
                0.6666666666666666,
                0.8333333333333334,
                0.5833333333333334,
                0.75,
                0.6666666666666666,
                0.6666666666666666,
                0.75
            ],
            "val_acc": [
                0.5,
                0.5,
                0.75,
                0.75,
                1.0,
                0.5,
                0.75,
                0.75,
                0.75,
                1.0
            ]
        },
        "test_metrics": {
            "test_metrics": {
                "accuracy": 1.0,
                "f1": 1.0,
                "recall": 1.0,
                "precision": 1.0
            },
            "features": 