{
    "full_model": {
        "training_metrics": {
            "train_loss": [
                0.756511926651001,
                0.7015384435653687,
                0.5963667035102844,
                0.6093584299087524,
                0.5672883987426758,
                0.5171828269958496,
                0.514843225479126,
                0.42973649501800537,
                0.4491533041000366,
                0.39449721574783325,
                0.44575291872024536
            ],
            "val_loss": [
                0.7117995023727417,
                0.5714417695999146,
                0.436509370803833,
                0.4908156991004944,
                0.3991324305534363,
                0.32530534267425537,
                0.6052259206771851,
                0.4319775700569153,
                0.4777189791202545,
                0.4909367561340332,
                0.43605390191078186
            ],
            "train_acc": [
                0.5,
                0.5,
                0.75,
                0.5833333333333334,
                0.75,
                0.75,
                0.6666666666666666,
                0.8333333333333334,
                0.8333333333333334,
                0.9166666666666666,
                0.75
            ],
            "val_acc": [
                0.5,
                0.75,
                1.0,
                0.75,
                1.0,
                1.0,
                0.5,
                1.0,
                0.75,
                0.75,
                0.75
            ]
        },
        "test_metrics": {
            "accuracy": 1.0,
            "test_loss": 0.3172239661216736
        }
    },
    "no_conba": {
        "training_metrics": {
            "train_loss": [
                0.7885397672653198,
                0.7590358257293701,
                0.7667633891105652,
                0.7462288737297058,
                0.7205000519752502,
                0.7199575901031494,
                0.718756914138794,
                0.6967281699180603,
                0.6709537506103516,
                0.672146737575531
            ],
            "val_loss": [
                0.7406067848205566,
                0.7644585371017456,
                0.7110639810562134,
                0.68727707862854,
                0.5355977416038513,
                0.6581727266311646,
                0.6769707202911377,
                0.6086348295211792,
                0.7480720281600952,
                0.7345894575119019
            ],
            "train_acc": [
                0.5,
                0.5,
                0.5,
                0.5,
                0.5,
                0.5,
                0.5,
                0.5,
                0.5833333333333334,
                0.5833333333333334
            ],
            "val_acc": [
                0.5,
                0.5,
                0.5,
                0.5,
                0.75,
                0.5,
                0.5,
                0.75,
                0.5,
                0.5
            ]
        },
        "test_metrics": {
            "accuracy": 1.0,
            "test_loss": 0.45184123516082764
        }
    },
    "no_feedback": {
        "training_metrics": {
            "train_loss": [
                0.755556583404541,
                0.6591995358467102,
                0.6294901371002197,
                0.6941217184066772,
                0.5784488916397095,
                0.6230529546737671,
                0.5372799634933472,
                0.633848249912262,
                0.4319935142993927,
                0.4902898669242859,
                0.29704827070236206,
                0.5850197076797485,
                0.402432918548584,
                0.5052791237831116,
                0.5458611249923706,
                0.4663596451282501,
                0.40479499101638794,
                0.40952345728874207,
                0.34694814682006836,
                0.32247403264045715,
                0.3495156168937683,
                0.2923141121864319,
                0.2573016881942749,
                0.2490142434835434,
                0.2547646164894104,
                0.24413713812828064,
                0.2663644254207611,
                0.2115306258201599
            ],
            "val_loss": [
                0.6667262315750122,
                0.590045690536499,
                0.4700603783130646,
                0.4396061301231384,
                0.35109543800354004,
                0.422532856464386,
                0.48030927777290344,
                0.3467317521572113,
                0.6448240280151367,
                0.5011975765228271,
                0.5709924697875977,
                0.3388574719429016,
                0.5717935562133789,
                0.4852760136127472,
                0.4411415755748749,
                0.4954056739807129,
                0.25958776473999023,
                0.24992986023426056,
                0.283687025308609,
                0.23944610357284546,
                0.23374266922473907,
                0.336071252822876,
                0.2160709798336029,
                0.3637438118457794,
                0.250557541847229,
                0.23361100256443024,
                0.21718443930149078,
                0.23078835010528564
            ],
            "train_acc": [
                0.5,
                0.5833333333333334,
                0.6666666666666666,
                0.5833333333333334,
                0.75,
                0.6666666666666666,
                0.75,
                0.6666666666666666,
                0.9166666666666666,
                0.75,
                1.0,
                0.75,
                0.8333333333333334,
                0.75,
                0.6666666666666666,
                0.75,
                0.8333333333333334,
                0.9166666666666666,
                1.0,
                0.9166666666666666,
                0.9166666666666666,
                0.9166666666666666,
                0.9166666666666666,
                1.0,
                1.0,
                1.0,
                1.0,
                1.0
            ],
            "val_acc": [
                0.5,
                0.75,
                0.75,
                0.75,
                1.0,
                1.0,
                0.75,
                1.0,
                0.5,
                0.75,
                0.5,
                1.0,
                0.5,
                0.75,
                0.75,
                0.75,
                1.0,
                1.0,
                1.0,
                1.0,
                1.0,
                1.0,
                1.0,
                0.75,
                1.0,
                1.0,
                1.0,
                1.0
            ]
        },
        "test_metrics": {
            "accuracy": 1.0,
            "test_loss": 0.21708709001541138
        }
    },
    "no_control": {
        "training_metrics": {
            "train_loss": [
                0.7614298462867737,
                0.7107679843902588,
                0.6274135708808899,
                0.4879514276981354,
                0.5716083645820618,
                0.5540047883987427,
                0.5061579942703247,
                0.5398594737052917,
                0.4671928286552429,
                0.5181646347045898,
                0.5165959596633911,
                0.32166874408721924
            ],
            "val_loss": [
                0.6670279502868652,
                0.7312558889389038,
                0.5291427373886108,
                0.6657801866531372,
                0.38273078203201294,
                0.3330281674861908,
                0.2997293174266815,
                0.5409316420555115,
                0.7429149150848389,
                0.4837557375431061,
                0.38757050037384033,
                0.3371303081512451
            ],