{
    "full_model": {
        "training_metrics": {
            "train_loss": [
                0.7622289657592773,
                0.7255396842956543,
                0.6315569281578064,
                0.6550428867340088,
                0.5596153736114502,
                0.47466614842414856,
                0.4221108853816986,
                0.4825984239578247,
                0.4484937787055969,
                0.32536110281944275,
                0.39975419640541077,
                0.3752422630786896,
                0.3135889172554016,
                0.34900182485580444,
                0.3290661871433258,
                0.3339729905128479,
                0.2955964505672455,
                0.3126150965690613,
                0.26119640469551086,
                0.24925348162651062
            ],
            "val_loss": [
                0.6993703842163086,
                0.613468587398529,
                0.628734827041626,
                0.5152205228805542,
                0.4175119996070862,
                0.5769763588905334,
                0.5334787368774414,
                0.49326837062835693,
                0.46069058775901794,
                0.26740795373916626,
                0.25910404324531555,
                0.2557259798049927,
                0.37069618701934814,
                0.2291336953639984,
                0.22594065964221954,
                0.29044777154922485,
                0.2718793749809265,
                0.22921904921531677,
                0.2660229802131653,
                0.2290545403957367
            ],
            "train_acc": [
                0.5,
                0.5,
                0.6666666666666666,
                0.5833333333333334,
                0.6666666666666666,
                0.8333333333333334,
                0.8333333333333334,
                0.8333333333333334,
                0.9166666666666666,
                0.9166666666666666,
                0.9166666666666666,
                0.8333333333333334,
                1.0,
                1.0,
                1.0,
                0.9166666666666666,
                0.9166666666666666,
                0.9166666666666666,
                0.9166666666666666,
                1.0
            ],
            "val_acc": [
                0.5,
                0.75,
                0.75,
                1.0,
                1.0,
                0.75,
                0.75,
                0.75,
                0.75,
                1.0,
                1.0,
                1.0,
                1.0,
                1.0,
                1.0,
                1.0,
                1.0,
                1.0,
                1.0,
                1.0
            ]
        },
        "test_metrics": {
            "accuracy": 1.0,
            "test_loss": 0.25366371870040894
        }
    },
    "no_conba": {
        "training_metrics": {
            "train_loss": [
                0.7792407274246216,
                0.7609026432037354,
                0.7404648065567017,
                0.7286217212677002,
                0.6750773191452026,
                0.7363235950469971,
                0.720920205116272,
                0.6695178151130676,
                0.6517239809036255,
                0.6676180362701416,
                0.6642372608184814,
                0.5932188034057617,
                0.6017985939979553,
                0.6310405135154724,
                0.630759596824646,
                0.5742199420928955,
                0.5606262683868408,
                0.5655390620231628,
                0.5855849981307983,
                0.5249648690223694,
                0.5384461879730225,
                0.6388934850692749,
                0.6122358441352844,
                0.5266457796096802,
                0.5715435147285461,
                0.45151621103286743
            ],
            "val_loss": [
                0.7342132329940796,
                0.7186342477798462,
                0.7933159470558167,
                0.7539893984794617,
                0.6941255331039429,
                0.6467651128768921,
                0.6184556484222412,
                0.5842057466506958,
                0.7679324746131897,
                0.5723704099655151,
                0.5857284665107727,
                0.5424894690513611,
                0.5474382638931274,
                0.6178936958312988,
                0.5145237445831299,
                0.7003600001335144,
                0.4799865484237671,
                0.688091516494751,
                0.3858467936515808,
                0.5441316366195679,
                0.32765302062034607,
                0.5722290277481079,
                0.6098612546920776,
                0.578269898891449,
                0.670922040939331,
                0.5794795155525208
            ],
            "train_acc": [
                0.5,
                0.5,
                0.5,
                0.5,
                0.5833333333333334,
                0.5,
                0.5,
                0.5,
                0.5833333333333334,
                0.6666666666666666,
                0.5833333333333334,
                0.75,
                0.6666666666666666,
                0.75,
                0.5833333333333334,
                0.75,
                0.75,
                0.75,
                0.75,
                0.75,
                0.75,
                0.5833333333333334,
                0.6666666666666666,
                0.75,
                0.6666666666666666,
                0.9166666666666666
            ],
            "val_acc": [
                0.5,
                0.5,
                0.5,
                0.5,
                0.5,
                0.5,
                0.75,
                0.75,
                0.5,
                0.75,
                0.75,
                0.75,
                0.75,
                0.75,
                0.5,
                0.75,
                0.75,
                0.75,
                1.0,
                1.0,
                1.0,
                0.75,
                0.75,
                0.75,
                0.75,
                0.75
            ]
        },
        "test_metrics": {
            "accuracy": 1.0,
            "test_loss": 0.3355214595794678
        }
    },
    "no_feedback": {
        "training_metrics": {
            "train_loss": [
                0.7888093590736389,
                0.7404932975769043,
                0.6583203673362732,
                0.543056845664978,
                0.5719550848007202,
                0.4647231698036194,
                0.459006667137146,
                0.5182878971099854,
                0.3910706639289856,
                0.4724350571632385,
                0.37006431818008423,
                0.3372649550437927,
                0.3720686435699463,
                0.33559972047805786,
                0.29588282108306885,
                0.281520277261734,
                0.28025737404823303,
                0.28584352135658264,
                0.2644768953323364,
                0.26488327980041504,
                0.22965370118618011,
                0.21414554119110107,
                0.2113683670759201,
                0.20727264881134033,
                0.23428086936473846,
                0.2015920877456665,
                0.2748662233352661,
                0.19898444414138794,
                0.2027825117111206,
                0.20559164881706238,
                0.20312738418579102,
                0.19587934017181396,
                0.1957346498966217,
                0.19116787612438202,
                0.19342678785324097,
                0.19377298653125763,
                0.21875722706317902
            ],