{
    "full_model": {
        "training_metrics": {
            "train_loss": [
                0.7594954967498779,
                0.7002938985824585,
                0.6679422855377197,
                0.6497179865837097,
                0.5696039795875549,
                0.5454837083816528,
                0.5034340023994446,
                0.38327115774154663,
                0.44546204805374146,
                0.43343234062194824,
                0.41904395818710327,
                0.3951089382171631,
                0.27679505944252014,
                0.37738674879074097,
                0.28769224882125854
            ],
            "val_loss": [
                0.7507814764976501,
                0.6971434354782104,
                0.5932340621948242,
                0.7058842182159424,
                0.6216933131217957,
                0.4904380440711975,
                0.4203213155269623,
                0.5343403816223145,
                0.35362184047698975,
                0.26695775985717773,
                0.4903314709663391,
                0.4316719174385071,
                0.39962542057037354,
                0.4643920958042145,
                0.293146014213562
            ],
            "train_acc": [
                0.5,
                0.5,
                0.6666666666666666,
                0.6666666666666666,
                0.75,
                0.75,
                0.75,
                0.9166666666666666,
                0.8333333333333334,
                0.8333333333333334,
                0.75,
                0.8333333333333334,
                1.0,
                0.8333333333333334,
                1.0
            ],
            "val_acc": [
                0.5,
                0.5,
                0.75,
                0.75,
                0.75,
                1.0,
                0.75,
                0.75,
                1.0,
                1.0,
                0.75,
                0.75,
                0.75,
                0.75,
                1.0
            ]
        },
        "test_metrics": {
            "accuracy": 1.0,
            "test_loss": 0.3122982382774353
        }
    },
    "no_conba": {
        "training_metrics": {
            "train_loss": [
                0.7818723320960999,
                0.7791346907615662,
                0.692521333694458,
                0.7436589598655701,
                0.7487092018127441,
                0.7186096906661987,
                0.7266701459884644,
                0.7055192589759827,
                0.6730634570121765,
                0.7032209634780884,
                0.6837131977081299,
                0.673316240310669,
                0.6392184495925903,
                0.6200783848762512,
                0.5728648900985718,
                0.6206414699554443,
                0.528676450252533,
                0.5621646642684937,
                0.5150336623191833,
                0.5110540390014648,
                0.5453125238418579,
                0.5680246353149414,
                0.537070631980896,
                0.5583192110061646,
                0.452453076839447,
                0.5234576463699341
            ],
            "val_loss": [
                0.749778687953949,
                0.7376176714897156,
                0.8004070520401001,
                0.735326886177063,
                0.7832313179969788,
                0.6768580675125122,
                0.7723864316940308,
                0.6219253540039062,
                0.6567742824554443,
                0.7923364639282227,
                0.6072226762771606,
                0.5676805973052979,
                0.7395600080490112,
                0.5732365846633911,
                0.6694324016571045,
                0.5037787556648254,
                0.5251196622848511,
                0.5342624187469482,
                0.7889727354049683,
                0.7732600569725037,
                0.39171653985977173,
                0.5655958652496338,
                0.5533965229988098,
                0.6122447848320007,
                0.471015989780426,
                0.4935380816459656
            ],
            "train_acc": [
                0.5,
                0.5,
                0.5833333333333334,
                0.5,
                0.5,
                0.5,
                0.5,
                0.5,
                0.5833333333333334,
                0.5833333333333334,
                0.5833333333333334,
                0.5833333333333334,
                0.6666666666666666,
                0.5833333333333334,
                0.75,
                0.6666666666666666,
                0.75,
                0.6666666666666666,
                0.8333333333333334,
                0.75,
                0.75,
                0.6666666666666666,
                0.75,
                0.6666666666666666,
                1.0,
                0.8333333333333334
            ],
            "val_acc": [
                0.5,
                0.5,
                0.5,
                0.5,
                0.5,
                0.5,
                0.5,
                0.75,
                0.75,
                0.5,
                0.75,
                0.75,
                0.25,
                0.75,
                0.75,
                0.75,
                1.0,
                0.75,
                0.25,
                0.5,
                1.0,
                0.75,
                0.75,
                0.5,
                0.75,
                0.75
            ]
        },
        "test_metrics": {
            "accuracy": 1.0,
            "test_loss": 0.3306609094142914
        }
    },
    "no_feedback": {
        "training_metrics": {
            "train_loss": [
                0.740674614906311,
                0.7471808195114136,
                0.6518683433532715,
                0.628000020980835,
                0.5086994171142578,
                0.5521475076675415,
                0.3916342854499817,
                0.5363050103187561,
                0.46587902307510376,
                0.34848499298095703,
                0.3912406861782074,
                0.39810746908187866,
                0.35928893089294434,
                0.31380486488342285,
                0.4043273329734802,
                0.3065304160118103,
                0.278820663690567,
                0.2882685959339142,
                0.284241646528244,
                0.28059694170951843,
                0.23341988027095795,
                0.2898883521556854,
                0.281785249710083,
                0.22525638341903687,
                0.2207423597574234,
                0.21245332062244415,
                0.20527952909469604,
                0.2044215053319931,
                0.22864317893981934,
                0.20828136801719666,
                0.20624804496765137
            ],