{
    "timestamp": "20250309_224921",
    "experiment_config": {
        "full_model": {
            "use_conba": true,
            "use_feedback": true,
            "use_control": true
        },
        "no_conba": {
            "use_conba": false,
            "use_feedback": true,
            "use_control": true
        },
        "no_feedback": {
            "use_conba": true,
            "use_feedback": false,
            "use_control": true
        },
        "no_control": {
            "use_conba": true,
            "use_feedback": true,
            "use_control": false
        }
    },
    "results": {
        "full_model": {
            "training_metrics": {
                "train_loss": [
                    0.7461625337600708,
                    0.7091216444969177,
                    0.6714597940444946,
                    0.5723590850830078,
                    0.5521599054336548,
                    0.5052856206893921,
                    0.5842610001564026,
                    0.568060040473938,
                    0.42493224143981934,
                    0.4643392562866211,
                    0.44426828622817993,
                    0.441556453704834,
                    0.43117696046829224,
                    0.3792327344417572
                ],
                "val_loss": [
                    0.6672946214675903,
                    0.7535576224327087,
                    0.6002182364463806,
                    0.45503804087638855,
                    0.3575478196144104,
                    0.41120707988739014,
                    0.38177043199539185,
                    0.5161852836608887,
                    0.25814852118492126,
                    0.2803140878677368,
                    0.3101823925971985,
                    0.4011646509170532,
                    0.4082760512828827,
                    0.3553050756454468
                ],
                "train_acc": [
                    0.5,
                    0.5,
                    0.5833333333333334,
                    0.75,
                    0.5833333333333334,
                    0.8333333333333334,
                    0.6666666666666666,
                    0.6666666666666666,
                    0.8333333333333334,
                    0.75,
                    0.9166666666666666,
                    0.8333333333333334,
                    0.9166666666666666,
                    0.9166666666666666
                ],
                "val_acc": [
                    0.5,
                    0.5,
                    0.75,
                    0.75,
                    1.0,
                    1.0,
                    1.0,
                    1.0,
                    1.0,
                    1.0,
                    1.0,
                    0.75,
                    1.0,
                    1.0
                ]
            },
            "test_metrics": {
                "accuracy": 1.0,
                "test_loss": 0.30255553126335144
            }
        },
        "no_conba": {
            "training_metrics": {
                "train_loss": [
                    0.7574130296707153,
                    0.7648966908454895,
                    0.7476075887680054,
                    0.7464863657951355,
                    0.7193358540534973,
                    0.7114505767822266,
                    0.729486346244812,
                    0.7168540954589844,
                    0.6567434668540955,
                    0.6750195026397705,
                    0.6873573064804077,
                    0.6084936857223511,
                    0.7222622036933899,
                    0.6265132427215576,
                    0.6129263639450073,
                    0.7142850160598755,
                    0.5675785541534424,
                    0.5612826943397522,
                    0.5391018390655518,
                    0.6213555932044983,
                    0.5933532118797302,
                    0.4779956340789795,
                    0.5400644540786743,
                    0.45417624711990356,
                    0.5083826780319214,
                    0.4177839159965515,
                    0.4277818202972412,
                    0.5285695791244507,
                    0.3967447876930237,
                    0.5367087125778198,
                    0.40605977177619934,
                    0.4717598557472229,
                    0.4699138402938843
                ],
                "val_loss": [
                    0.7936887145042419,
                    0.718158483505249,
                    0.7410246133804321,
                    0.7660781145095825,
                    0.7797308564186096,
                    0.5901039838790894,
                    0.6232603192329407,
                    0.6787822842597961,
                    0.7514744400978088,
                    0.5798003673553467,
                    0.7489555478096008,
                    0.7230311632156372,
                    0.6042332649230957,
                    0.6672868728637695,
                    0.5016759037971497,
                    0.491211473941803,
                    0.4797135591506958,
                    0.6704440116882324,
                    0.733071506023407,
                    0.45872268080711365,
                    0.49535220861434937,
                    0.3828752338886261,
                    0.3853251338005066,
                    0.3385329246520996,
                    0.4072904586791992,
                    0.5102518200874329,
                    0.401790052652359,
                    0.2873266339302063,
                    0.49274900555610657,
                    0.2909276485443115,
                    0.3240314722061157,
                    0.41165244579315186,
                    0.47903019189834595
                ],
                "train_acc": [
                    0.5,
                    0.5,
                    0.5,
                    0.5,
                    0.5,
                    0.5,
                    0.5,
                    0.5,
                    0.5833333333333334,
                    0.5833333333333334,
                    0.6666666666666666,
                    0.6666666666666666,
                    0.5,
                    0.6666666666666666,
                    0.6666666666666666,
                    0.5,
                    0.75,
                    0.75,
                    0.75,
                    0.6666666666666666,
                    0.5833333333333334,
                    0.75,
                    0.6666666666666666,
                    0.9166666666666666,
                    0.75,
                    0.9166666666666666,
                    0.8333333333333334,
                    0.6666666666666666,
                    0.9166666666666666,
                    0.6666666666666666,
                    0.9166666666666666,
                    0.75,
                    0.75
                ],
                "val_acc": [
                    0.5,
                    0.5,
                    0.5,
                    0.5,
                    0.5,
                    0.75,
                    0.75,
                    0.5,
                    0.5,
                    0.75,
                    0.5,
                    0.5,
                    0.75,
                    0.5,
                    0.75,
                    1.0,
                    0.75,
                    0.75,
                    0.5,
                    1.0,
                    1.0,
                    1.0,
                    1.0,
                    1.0,
                    0.75,
                    0.75,
                    1.0,
                    1.0,
                    0.75,
                    1.0,
                    1.0,
                    0.75,
                    0.75
                ]
            },
            "test_metrics": {
                "accuracy": 0.75,
                "test_loss": 0.40833067893981934
            }
        },