{
    "Full_Conba": {
        "train_losses": [
            2.3152794241905212,
            2.195053299268087,
            2.084047317504883,
            1.9689757625261943,
            1.8577192624409993,
            1.7396825551986694,
            1.6257472435633342,
            1.5126578609148662,
            1.3967077533404033,
            1.284425139427185
        ],
        "val_losses": [
            2.017552673816681,
            1.9362363815307617,
            1.8554680347442627,
            1.7711642384529114,
            1.686926007270813,
            1.6017123460769653,
            1.516376554965973,
            1.4300307631492615,
            1.3449195623397827,
            1.26076340675354
        ],
        "acc": 0.75,
        "f1": 0.6666666666666666,
        "recall": 0.5,
        "precision": 1.0
    },
    "No_Control": {
        "train_losses": [
            2.1787472565968833,
            2.0672850410143533,
            1.9583135445912678,
            1.8460706075032551,
            1.7372036178906758,
            1.6312952836354573,
            1.5182860493659973,
            1.4082075556119282,
            1.3001665969689686,
            1.1969719628492992
        ],
        "val_losses": [
            1.9406492114067078,
            1.862619161605835,
            1.7844831943511963,
            1.7061083316802979,
            1.6257561445236206,
            1.5413385033607483,
            1.4575611352920532,
            1.3728988766670227,
            1.2883207201957703,
            1.2046334147453308
        ],
        "acc": 0.75,
        "f1": 0.6666666666666666,
        "recall": 0.5,
        "precision": 1.0
    },
    "No_Feedback": {
        "train_losses": [
            2.4499454895655313,
            2.3455599546432495,
            2.244910498460134,
            2.1494284868240356,
            2.04806516567866,
            1.9431434472401936,
            1.8392255504926045,
            1.731507380803426,
            1.6249406337738037,
            1.5154989957809448
        ],
        "val_losses": [
            2.090151369571686,
            2.0201801657676697,
            1.9502680897712708,
            1.8806530237197876,
            1.8068904876708984,
            1.7341924905776978,
            1.6594771146774292,
            1.5823975801467896,
            1.5053110718727112,
            1.4287080764770508
        ],
        "acc": 0.7375,
        "f1": 0.6557377049180327,
        "recall": 0.5,
        "precision": 0.9523809523809523
    },
    "No_State": {
        "train_losses": [
            2.3703421354293823,
            2.2723073959350586,
            2.179759422938029,
            2.096833646297455,
            2.0085637172063193,
            1.9264184832572937,
            1.8417520721753438,
            1.7650856574376423,
            1.6875350872675579,
            1.610344688097636
        ],
        "val_losses": [
            2.3001961708068848,
            2.235458552837372,
            2.1718146800994873,
            2.109440863132477,
            2.0491798520088196,
            1.990860104560852,
            1.9337102770805359,
            1.8771387338638306,
            1.8221904635429382,
            1.7673174142837524
        ],
        "acc": 0.725,
        "f1": 0.6206896551724138,
        "recall": 0.45,
        "precision": 1.0
    },
    "MLP": {
        "train_losses": [
            2.634154995282491,
            2.593074401219686,
            2.5567773580551147,
            2.5164667765299478,
            2.4780801932017007,
            2.4385639429092407,
            2.3964036305745444,
            2.355185349782308,
            2.3134151299794516,
            2.2693142890930176
        ],
        "val_losses": [
            2.3584136962890625,
            2.330380916595459,
            2.301545739173889,
            2.272788405418396,
            2.2426012754440308,
            2.2122145295143127,
            2.181270480155945,
            2.149467170238495,
            2.1168097853660583,
            2.082739233970642
        ],
        "acc": 0.7125,
        "f1": 0.7628865979381444,
        "recall": 0.925,
        "precision": 0.6491228070175439
    },
    "GRU": {
        "train_losses": [
            2.342907269795736,
            2.2797598838806152,
            2.214144547780355,
            2.15324076016744,
            2.0887405474980674,
            2.0251635710398355,
            1.9580666820208232,
            1.893315037091573,
            1.8236711621284485,
            1.7545234163602192
        ],
        "val_losses": [
            1.999349594116211,
            1.953162133693695,
            1.9067468643188477,
            1.8584983348846436,
            1.809926450252533,
            1.7610060572624207,
            1.7112517952919006,
            1.6601325273513794,
            1.609177589416504,
            1.5574545860290527
        ],
        "acc": 0.65,
        "f1": 0.588235294117647,
        "recall": 0.5,
        "precision": 0.7142857142857143
    },
    "CNN": {
        "train_losses": [
            2.665765722592672,
            2.652128219604492,
            2.639837145805359,
            2.6271323362986245,
            2.61321751276652,
            2.5995946725209556,
            2.58515457312266,
            2.570848067601522,
            2.5558521350224814,
            2.5401610930760703
        ],
        "val_losses": [
            2.6160755157470703,
            2.605941414833069,
            2.5952799320220947,
            2.5842747688293457,
            2.5732438564300537,
            2.5617069005966187,
            2.5499753952026367,
            2.5377073287963867,
            2.525099992752075,
            2.512043833732605
        ],
        "acc": 0.5,
        "f1": 0.6666666666666666,
        "recall": 1.0,
        "precision": 0.5
    },
    "LSTM": {
        "train_losses": [
            2.3130598068237305,
            2.2407977978388467,
            2.1721453865369162,
            2.102890948454539,
            2.0302399595578513,
            1.9610258340835571,
            1.8885852098464966,
            1.8144561251004536,
            1.740235408147176,
            1.6667226950327556
        ],
        "val_losses": [
            2.0005049109458923,
            1.9498828649520874,
            1.8974221348762512,
            1.843880534172058,
            1.7904820442199707,
            1.7358118891716003,
            1.6797826290130615,
            1.6230778694152832,
            1.5669262409210205,
            1.50884348154068
        ],
        "acc": 0.6125,
        "f1": 0.5753424657534246,
        "recall": 0.525,
        "precision": 0.6363636363636364
    },
    "BiLSTM": {
        "train_losses": [
            2.5330411195755005,
            2.474680781364441,
            2.4208792448043823,
            2.367033044497172,
            2.311575770378113,
            2.2569170395533242,
            2.2051833669344583,
            2.1460851033528647,
            2.091114560763041,
            2.0339897672335305
        ],
        "val_losses": [
            2.245694637298584,
            2.209405779838562,
            2.172510504722595,
            2.135986089706421,
            2.09914094209671,
            2.0616692304611206,
            2.0232776403427124,
            1.9848750829696655,
            1.9448428750038147,
            1.9048324227333069
        ],
        "acc": 0.6375,
        "f1": 0.5797101449275363,
        "recall": 0.5,
        "precision": 0.6896551724137931
    },
    "RNN": {
        "train_losses": [
            2.284674882888794,
            2.2266218066215515,
            2.1729909976323447,
            2.11710532506307,
            2.0614121556282043,
            2.004467527071635,
            1.9458605448404949,
            1.8877035975456238,
            1.8259544571240742,
            1.7651992440223694
        ],